date,matchup,home_team,is_dome,temp_f,wind_mph,wind_dir,wind_score,humidity,pressure_hpa,park_factor,current_pct,physics_pct,park_pct,hrs_hit,total_batters,hr_rate
2026-03-25,NYY@SF,SF,False,,,,0.0,,,75.0,0.0,0.0,-25.0,0,18,0.0
2026-03-26,PIT@NYM,NYM,False,,,,0.0,,,105.0,0.0,0.0,5.0,4,18,0.2222222222222222
2026-03-26,CWS@MIL,MIL,False,,,,0.0,,,104.0,0.0,0.0,4.0,4,18,0.2222222222222222
2026-03-26,WSH@CHC,CHC,False,,,,0.0,,,95.0,0.0,0.0,-5.0,3,18,0.16666666666666666
2026-03-26,MIN@BAL,BAL,False,,,,0.0,,,110.0,0.0,0.0,10.0,0,18,0.0
2026-03-26,BOS@CIN,CIN,False,,,,0.0,,,116.0,0.0,0.0,16.0,0,18,0.0
2026-03-26,LAA@HOU,HOU,False,,,,0.0,,,112.0,0.0,0.0,12.0,2,18,0.1111111111111111
2026-03-26,DET@SD,SD,False,,,,0.0,,,100.0,0.0,0.0,0.0,2,18,0.1111111111111111
2026-03-26,TB@STL,STL,False,,,,0.0,,,78.0,0.0,0.0,-22.0,3,18,0.16666666666666666
2026-03-26,TEX@PHI,PHI,False,,,,0.0,,,115.0,0.0,0.0,15.0,3,18,0.16666666666666666
2026-03-26,AZ@LAD,LAD,False,,,,0.0,,,137.0,0.0,0.0,37.0,3,18,0.16666666666666666
2026-03-26,CLE@SEA,SEA,False,,,,0.0,,,94.0,0.0,0.0,-6.0,4,18,0.2222222222222222
2026-03-27,NYY@SF,SF,False,,,,0.0,,,75.0,0.0,0.0,-25.0,2,18,0.1111111111111111
2026-03-27,ATH@TOR,TOR,True,,,,0.0,,,109.0,0.0,0.0,9.0,1,18,0.05555555555555555
2026-03-27,COL@MIA,MIA,False,,,,0.0,,,91.0,0.0,0.0,-9.0,0,18,0.0
2026-03-27,KC@ATL,ATL,False,,,,0.0,,,95.0,0.0,0.0,-5.0,3,18,0.16666666666666666
2026-03-27,LAA@HOU,HOU,False,,,,0.0,,,112.0,0.0,0.0,12.0,4,18,0.2222222222222222
2026-03-27,DET@SD,SD,False,,,,0.0,,,100.0,0.0,0.0,0.0,0,18,0.0
2026-03-27,CLE@SEA,SEA,False,,,,0.0,,,94.0,0.0,0.0,-6.0,3,18,0.16666666666666666
2026-03-27,AZ@LAD,LAD,False,,,,0.0,,,137.0,0.0,0.0,37.0,3,18,0.16666666666666666
2026-03-28,TB@STL,STL,False,,,,0.0,,,78.0,0.0,0.0,-22.0,0,18,0.0
2026-03-28,WSH@CHC,CHC,False,,,,0.0,,,95.0,0.0,0.0,-5.0,3,18,0.16666666666666666
2026-03-28,ATH@TOR,TOR,True,,,,0.0,,,109.0,0.0,0.0,9.0,2,18,0.1111111111111111
2026-03-28,MIN@BAL,BAL,False,,,,0.0,,,110.0,0.0,0.0,10.0,1,18,0.05555555555555555
2026-03-28,TEX@PHI,PHI,False,,,,0.0,,,115.0,0.0,0.0,15.0,2,18,0.1111111111111111
2026-03-28,BOS@CIN,CIN,False,,,,0.0,,,116.0,0.0,0.0,16.0,4,18,0.2222222222222222
2026-03-28,PIT@NYM,NYM,False,,,,0.0,,,105.0,0.0,0.0,5.0,1,18,0.05555555555555555
2026-03-28,COL@MIA,MIA,False,,,,0.0,,,91.0,0.0,0.0,-9.0,3,18,0.16666666666666666
2026-03-28,LAA@HOU,HOU,False,,,,0.0,,,112.0,0.0,0.0,12.0,3,18,0.16666666666666666
2026-03-28,CWS@MIL,MIL,False,,,,0.0,,,104.0,0.0,0.0,4.0,1,18,0.05555555555555555
2026-03-28,KC@ATL,ATL,False,,,,0.0,,,95.0,0.0,0.0,-5.0,2,18,0.1111111111111111
2026-03-28,NYY@SF,SF,False,,,,0.0,,,75.0,0.0,0.0,-25.0,1,18,0.05555555555555555
2026-03-28,DET@SD,SD,False,,,,0.0,,,100.0,0.0,0.0,0.0,0,18,0.0
2026-03-28,AZ@LAD,LAD,False,,,,0.0,,,137.0,0.0,0.0,37.0,1,18,0.05555555555555555
2026-03-28,CLE@SEA,SEA,False,,,,0.0,,,94.0,0.0,0.0,-6.0,1,18,0.05555555555555555
2026-03-29,MIN@BAL,BAL,False,,,,0.0,,,110.0,0.0,0.0,10.0,2,18,0.1111111111111111
2026-03-29,TEX@PHI,PHI,False,,,,0.0,,,115.0,0.0,0.0,15.0,2,18,0.1111111111111111
2026-03-29,KC@ATL,ATL,False,,,,0.0,,,95.0,0.0,0.0,-5.0,2,18,0.1111111111111111
2026-03-29,ATH@TOR,TOR,True,,,,0.0,,,109.0,0.0,0.0,9.0,4,18,0.2222222222222222
2026-03-29,BOS@CIN,CIN,False,,,,0.0,,,116.0,0.0,0.0,16.0,2,18,0.1111111111111111
2026-03-29,PIT@NYM,NYM,False,,,,0.0,,,105.0,0.0,0.0,5.0,1,18,0.05555555555555555
2026-03-29,COL@MIA,MIA,False,,,,0.0,,,91.0,0.0,0.0,-9.0,0,18,0.0
2026-03-29,LAA@HOU,HOU,False,,,,0.0,,,112.0,0.0,0.0,12.0,1,18,0.05555555555555555
2026-03-29,CWS@MIL,MIL,False,,,,0.0,,,104.0,0.0,0.0,4.0,4,18,0.2222222222222222
2026-03-29,TB@STL,STL,False,,,,0.0,,,78.0,0.0,0.0,-22.0,2,18,0.1111111111111111
2026-03-29,WSH@CHC,CHC,False,,,,0.0,,,95.0,0.0,0.0,-5.0,4,18,0.2222222222222222
2026-03-29,CLE@SEA,SEA,False,,,,0.0,,,94.0,0.0,0.0,-6.0,1,18,0.05555555555555555
2026-03-30,MIN@KC,KC,False,,,,0.0,,,90.0,0.0,0.0,-10.0,3,18,0.16666666666666666
2026-03-30,TEX@BAL,BAL,False,,,,0.0,,,110.0,0.0,0.0,10.0,1,18,0.05555555555555555
2026-03-30,PIT@CIN,CIN,False,,,,0.0,,,116.0,0.0,0.0,16.0,0,18,0.0
2026-03-30,WSH@PHI,PHI,False,,,,0.0,,,115.0,0.0,0.0,15.0,1,18,0.05555555555555555
2026-03-30,CWS@MIA,MIA,False,,,,0.0,,,91.0,0.0,0.0,-9.0,3,18,0.16666666666666666
2026-03-30,COL@TOR,TOR,True,,,,0.0,,,109.0,0.0,0.0,9.0,4,18,0.2222222222222222
2026-03-30,ATH@ATL,ATL,False,,,,0.0,,,95.0,0.0,0.0,-5.0,0,18,0.0
2026-03-30,LAA@CHC,CHC,False,,,,0.0,,,95.0,0.0,0.0,-5.0,2,18,0.1111111111111111
2026-03-30,TB@MIL,MIL,False,,,,0.0,,,104.0,0.0,0.0,4.0,3,18,0.16666666666666666
2026-03-30,NYM@STL,STL,False,,,,0.0,,,78.0,0.0,0.0,-22.0,1,18,0.05555555555555555
2026-03-30,BOS@HOU,HOU,False,,,,0.0,,,112.0,0.0,0.0,12.0,3,18,0.16666666666666666
2026-03-30,SF@SD,SD,False,,,,0.0,,,100.0,0.0,0.0,0.0,2,18,0.1111111111111111
2026-03-30,NYY@SEA,SEA,False,,,,0.0,,,94.0,0.0,0.0,-6.0,0,18,0.0
2026-03-30,DET@AZ,AZ,False,,,,0.0,,,92.0,0.0,0.0,-8.0,2,18,0.1111111111111111
2026-03-30,CLE@LAD,LAD,False,,,,0.0,,,137.0,0.0,0.0,37.0,0,18,0.0
2026-03-31,TEX@BAL,BAL,False,,,,0.0,,,110.0,0.0,0.0,10.0,4,18,0.2222222222222222
2026-03-31,PIT@CIN,CIN,False,,,,0.0,,,116.0,0.0,0.0,16.0,5,18,0.2777777777777778
2026-03-31,WSH@PHI,PHI,False,,,,0.0,,,115.0,0.0,0.0,15.0,2,18,0.1111111111111111
2026-03-31,CWS@MIA,MIA,False,,,,0.0,,,91.0,0.0,0.0,-9.0,1,18,0.05555555555555555
2026-03-31,COL@TOR,TOR,True,,,,0.0,,,109.0,0.0,0.0,9.0,1,18,0.05555555555555555
2026-03-31,ATH@ATL,ATL,False,,,,0.0,,,95.0,0.0,0.0,-5.0,2,18,0.1111111111111111
2026-03-31,LAA@CHC,CHC,False,,,,0.0,,,95.0,0.0,0.0,-5.0,0,18,0.0
2026-03-31,TB@MIL,MIL,False,,,,0.0,,,104.0,0.0,0.0,4.0,4,18,0.2222222222222222
2026-03-31,NYM@STL,STL,False,,,,0.0,,,78.0,0.0,0.0,-22.0,1,18,0.05555555555555555
2026-03-31,BOS@HOU,HOU,False,,,,0.0,,,112.0,0.0,0.0,12.0,3,18,0.16666666666666666
2026-03-31,DET@AZ,AZ,False,,,,0.0,,,92.0,0.0,0.0,-8.0,1,18,0.05555555555555555
2026-03-31,SF@SD,SD,False,,,,0.0,,,100.0,0.0,0.0,0.0,2,18,0.1111111111111111
2026-03-31,NYY@SEA,SEA,False,,,,0.0,,,94.0,0.0,0.0,-6.0,0,18,0.0
2026-03-31,CLE@LAD,LAD,False,,,,0.0,,,137.0,0.0,0.0,37.0,1,18,0.05555555555555555
2026-04-01,ATH@ATL,ATL,False,,,,0.0,,,95.0,0.0,0.0,-5.0,1,18,0.05555555555555555
2026-04-01,TEX@BAL,BAL,False,,,,0.0,,,110.0,0.0,0.0,10.0,3,18,0.16666666666666666
2026-04-01,PIT@CIN,CIN,False,,,,0.0,,,116.0,0.0,0.0,16.0,2,18,0.1111111111111111
2026-04-01,WSH@PHI,PHI,False,,,,0.0,,,115.0,0.0,0.0,15.0,3,18,0.16666666666666666
2026-04-01,COL@TOR,TOR,True,,,,0.0,,,109.0,0.0,0.0,9.0,0,18,0.0
2026-04-01,CWS@MIA,MIA,False,,,,0.0,,,91.0,0.0,0.0,-9.0,2,18,0.1111111111111111
2026-04-01,NYM@STL,STL,False,,,,0.0,,,78.0,0.0,0.0,-22.0,1,18,0.05555555555555555
2026-04-01,TB@MIL,MIL,False,,,,0.0,,,104.0,0.0,0.0,4.0,2,18,0.1111111111111111
2026-04-01,BOS@HOU,HOU,False,,,,0.0,,,112.0,0.0,0.0,12.0,3,18,0.16666666666666666
2026-04-01,LAA@CHC,CHC,False,,,,0.0,,,95.0,0.0,0.0,-5.0,0,18,0.0
2026-04-01,DET@AZ,AZ,False,,,,0.0,,,92.0,0.0,0.0,-8.0,1,18,0.05555555555555555
2026-04-01,SF@SD,SD,False,,,,0.0,,,100.0,0.0,0.0,0.0,1,18,0.05555555555555555
2026-04-01,NYY@SEA,SEA,False,,,,0.0,,,94.0,0.0,0.0,-6.0,2,18,0.1111111111111111
2026-04-01,MIN@KC,KC,False,,,,0.0,,,90.0,0.0,0.0,-10.0,3,18,0.16666666666666666
2026-04-01,CLE@LAD,LAD,False,,,,0.0,,,137.0,0.0,0.0,37.0,3,18,0.16666666666666666
2026-04-02,MIN@KC,KC,False,,,,0.0,,,90.0,0.0,0.0,-10.0,3,18,0.16666666666666666
2026-04-02,ATL@AZ,AZ,False,,,,0.0,,,92.0,0.0,0.0,-8.0,4,18,0.2222222222222222
2026-04-02,NYM@SF,SF,False,,,,0.0,,,75.0,0.0,0.0,-25.0,2,18,0.1111111111111111
2026-04-03,LAD@WSH,WSH,False,,,,0.0,,,91.0,0.0,0.0,-9.0,7,18,0.3888888888888889
2026-04-03,STL@DET,DET,False,,,,0.0,,,102.0,0.0,0.0,2.0,1,18,0.05555555555555555
2026-04-03,MIA@NYY,NYY,False,,,,0.0,,,117.0,0.0,0.0,17.0,4,18,0.2222222222222222
2026-04-03,SD@BOS,BOS,False,,,,0.0,,,87.0,0.0,0.0,-13.0,2,18,0.1111111111111111
2026-04-03,TOR@CWS,CWS,False,,,,0.0,,,96.0,0.0,0.0,-4.0,1,18,0.05555555555555555
2026-04-03,CIN@TEX,TEX,False,,,,0.0,,,91.0,0.0,0.0,-9.0,3,18,0.16666666666666666
2026-04-03,CHC@CLE,CLE,False,,,,0.0,,,96.0,0.0,0.0,-4.0,2,18,0.1111111111111111
2026-04-03,TB@MIN,MIN,False,,,,0.0,,,100.0,0.0,0.0,0.0,1,18,0.05555555555555555
2026-04-03,PHI@COL,COL,False,,,,0.0,,,115.0,0.0,0.0,15.0,3,18,0.16666666666666666
2026-04-03,BAL@PIT,PIT,False,,,,0.0,,,66.0,0.0,0.0,-34.0,1,18,0.05555555555555555
2026-04-03,SEA@LAA,LAA,False,,,,0.0,,,111.0,0.0,0.0,11.0,0,18,0.0
2026-04-03,HOU@ATH,ATH,False,,,,0.0,,,100.0,0.0,0.0,0.0,1,18,0.05555555555555555
2026-04-03,ATL@AZ,AZ,False,,,,0.0,,,92.0,0.0,0.0,-8.0,2,18,0.1111111111111111
2026-04-03,NYM@SF,SF,False,,,,0.0,,,75.0,0.0,0.0,-25.0,2,18,0.1111111111111111
2026-04-04,STL@DET,DET,False,58.4,6.5,178,-3.9,90,993.1,102.0,-3.18,-7.3,2.0,4,18,0.2222222222222222
2026-04-04,TOR@CWS,CWS,False,48.1,15.1,255,13.7,91,989.8,96.0,15.23,29.08,-4.0,3,18,0.16666666666666666
2026-04-04,MIL@KC,KC,False,45.5,15.3,302,13.0,67,989.6,90.0,12.15,8.17,-10.0,2,9,0.2222222222222222
2026-04-04,LAD@WSH,WSH,False,87.8,11.0,193,8.8,33,1015.9,91.0,15.3,40.91,-9.0,2,18,0.1111111111111111
2026-04-04,HOU@ATH,ATH,False,,,,0.0,,,100.0,0.0,0.0,0.0,1,18,0.05555555555555555
2026-04-04,BAL@PIT,PIT,False,84.9,14.0,196,11.9,34,987.5,66.0,18.15,16.87,-34.0,0,22,0.0
2026-04-04,SD@BOS,BOS,False,42.3,14.9,66,-14.9,74,1027.1,87.0,-22.26,-43.48,-13.0,0,18,0.0
2026-04-04,CIN@TEX,TEX,False,62.2,12.5,1,0.0,71,1000.9,91.0,0.55,-22.07,-9.0,0,13,0.0
2026-04-04,MIA@NYY,NYY,False,49.7,13.6,90,-11.4,69,1022.7,117.0,-15.35,-37.15,17.0,1,26,0.038461538461538464
2026-04-04,MIL@KC,KC,False,49.8,16.8,312,12.5,52,989.5,90.0,12.92,4.17,-10.0,2,26,0.07692307692307693
2026-04-04,TB@MIN,MIN,False,35.8,13.8,309,3.1,86,981.4,100.0,-2.66,22.7,0.0,0,26,0.0
2026-04-04,CHC@CLE,CLE,False,76.3,15.4,208,13.7,55,984.9,96.0,17.73,50.82,-4.0,0,26,0.0
2026-04-04,ATL@AZ,AZ,False,91.3,1.6,304,0.0,5,973.0,92.0,5.79,28.29,-8.0,0,26,0.0
2026-04-04,PHI@COL,COL,False,61.4,5.2,59,-5.1,16,849.2,115.0,-6.12,51.46,15.0,0,26,0.0
2026-04-04,NYM@SF,SF,False,77.5,8.9,292,6.1,25,1015.3,75.0,8.97,29.06,-25.0,1,26,0.038461538461538464
2026-04-04,SEA@LAA,LAA,False,84.1,7.3,281,6.1,12,1008.2,111.0,10.95,27.58,11.0,1,26,0.038461538461538464
2026-04-05,CHC@CLE,CLE,False,42.1,14.4,264,12.6,67,990.3,96.0,10.31,1.63,-4.0,4,18,0.2222222222222222
2026-04-05,CHC@CLE,CLE,False,42.1,14.4,264,12.6,67,990.3,96.0,10.31,1.63,-4.0,4,18,0.2222222222222222
2026-04-05,LAD@WSH,WSH,False,62.3,4.4,210,4.1,90,1011.1,91.0,6.42,14.24,-9.0,5,18,0.2777777777777778
2026-04-05,BAL@PIT,PIT,False,48.1,13.3,256,11.7,63,986.6,66.0,11.43,26.66,-34.0,2,18,0.1111111111111111
2026-04-05,SD@BOS,BOS,False,46.8,4.6,259,4.5,96,1007.5,87.0,3.92,5.59,-13.0,2,18,0.1111111111111111
2026-04-05,MIA@NYY,NYY,False,51.4,1.1,143,-0.1,98,1008.9,117.0,0.34,-2.4,17.0,1,18,0.05555555555555555
2026-04-05,TB@MIN,MIN,False,50.9,11.1,279,7.6,45,991.9,100.0,7.48,28.04,0.0,3,18,0.16666666666666666
2026-04-05,TOR@CWS,CWS,False,47.3,11.5,291,5.6,52,1000.0,96.0,3.64,4.77,-4.0,0,18,0.0
2026-04-05,MIL@KC,KC,False,57.6,9.9,322,6.1,41,997.4,90.0,7.32,1.1,-10.0,2,18,0.1111111111111111
2026-04-05,CIN@TEX,TEX,False,68.4,13.5,36,0.0,32,1008.1,91.0,0.0,-24.2,-9.0,1,18,0.05555555555555555
2026-04-05,PHI@COL,COL,False,64.6,4.5,37,-3.8,21,852.9,115.0,-4.56,50.23,15.0,3,18,0.16666666666666666
2026-04-05,HOU@ATH,ATH,False,,,,0.0,,,100.0,0.0,0.0,0.0,4,18,0.2222222222222222
2026-04-05,NYM@SF,SF,False,77.7,3.1,60,-3.1,35,1015.0,75.0,-2.01,3.56,-25.0,0,18,0.0
2026-04-05,SEA@LAA,LAA,False,83.4,7.5,233,7.2,30,1010.0,111.0,12.06,32.05,11.0,0,9,0.0
2026-04-05,ATL@AZ,AZ,False,91.8,7.2,99,0.0,10,974.6,92.0,5.94,24.96,-8.0,1,18,0.05555555555555555
2026-04-05,STL@DET,DET,False,43.3,14.8,281,13.5,45,997.1,102.0,11.52,19.9,2.0,1,18,0.05555555555555555
2026-04-06,CHC@TB,TB,True,75.8,3.1,274,0.0,50,1012.1,95.0,0.0,0.0,-5.0,4,18,0.2222222222222222
2026-04-06,KC@CLE,CLE,False,49.2,14.5,268,12.2,50,994.2,96.0,12.32,1.75,-4.0,4,18,0.2222222222222222
2026-04-06,SD@PIT,PIT,False,53.0,13.1,256,11.6,48,991.3,66.0,13.12,27.48,-34.0,0,22,0.0
2026-04-06,CIN@MIA,MIA,False,78.0,8.3,104,2.0,74,1012.9,91.0,4.9,3.36,-9.0,1,18,0.05555555555555555
2026-04-06,STL@WSH,WSH,False,61.7,5.5,282,3.4,26,1018.4,91.0,4.08,3.43,-9.0,5,18,0.2777777777777778
2026-04-06,MIL@BOS,BOS,False,46.8,15.2,273,13.4,37,1015.3,87.0,12.8,18.31,-13.0,1,18,0.05555555555555555
2026-04-06,LAD@TOR,TOR,True,39.6,5.1,178,0.0,80,1008.4,109.0,0.0,0.0,9.0,4,22,0.18181818181818182
2026-04-06,DET@MIN,MIN,False,35.8,14.0,344,-5.2,34,999.6,100.0,-13.92,1.66,0.0,1,26,0.038461538461538464
2026-04-06,BAL@CWS,CWS,False,45.4,8.1,332,-1.7,59,1002.6,96.0,-5.88,-12.12,-4.0,1,26,0.038461538461538464
2026-04-06,SEA@TEX,TEX,False,70.3,7.9,83,-1.0,26,1001.0,91.0,-1.2,0.94,-9.0,1,26,0.038461538461538464
2026-04-06,HOU@COL,COL,False,68.6,8.9,78,-8.8,13,841.7,115.0,-10.56,62.64,15.0,2,22,0.09090909090909091
2026-04-06,ATL@LAA,LAA,False,71.0,7.6,236,7.4,37,1009.2,111.0,8.88,25.96,11.0,4,26,0.15384615384615385
2026-04-06,PHI@SF,SF,False,55.5,14.4,289,10.4,86,1017.2,75.0,13.78,30.95,-25.0,0,26,0.0
2026-04-07,KC@CLE,CLE,False,32.0,7.8,347,-7.6,54,1008.2,96.0,-18.32,-29.22,-4.0,1,18,0.05555555555555555
2026-04-07,BAL@CWS,CWS,False,34.4,8.6,41,0.6,69,1010.9,96.0,-7.07,-30.89,-4.0,1,18,0.05555555555555555
2026-04-07,AZ@NYM,NYM,False,51.6,19.6,301,-0.3,24,1022.4,105.0,-1.72,-10.28,5.0,0,18,0.0
2026-04-07,SD@PIT,PIT,False,42.3,8.9,328,7.9,36,1002.0,66.0,4.4,12.81,-34.0,1,18,0.05555555555555555
2026-04-07,CHC@TB,TB,True,67.3,17.5,32,0.0,83,1012.1,95.0,0.0,0.0,-5.0,2,18,0.1111111111111111
2026-04-07,CIN@MIA,MIA,False,72.1,3.7,343,0.0,93,1010.5,91.0,1.68,4.91,-9.0,0,18,0.0
2026-04-07,STL@WSH,WSH,False,55.5,11.5,316,-3.2,19,1026.6,91.0,-3.84,-14.4,-9.0,3,18,0.16666666666666666
2026-04-07,MIL@BOS,BOS,False,,,,0.0,,,87.0,0.0,0.0,-13.0,0,18,0.0
2026-04-07,ATH@NYY,NYY,False,,,,0.0,,,117.0,0.0,0.0,17.0,1,18,0.05555555555555555
2026-04-07,LAD@TOR,TOR,True,,,,0.0,,,109.0,0.0,0.0,9.0,0,18,0.0
2026-04-07,DET@MIN,MIN,False,,,,0.0,,,100.0,0.0,0.0,0.0,0,18,0.0
2026-04-07,SEA@TEX,TEX,False,,,,0.0,,,91.0,0.0,0.0,-9.0,2,18,0.1111111111111111
2026-04-07,HOU@COL,COL,False,71.1,5.4,318,-4.0,14,837.8,115.0,-4.8,61.55,15.0,3,18,0.16666666666666666
2026-04-07,ATL@LAA,LAA,False,70.8,7.4,235,7.3,59,1006.0,111.0,8.76,26.8,11.0,2,18,0.1111111111111111
2026-04-07,PHI@SF,SF,False,,,,0.0,,,75.0,0.0,0.0,-25.0,0,18,0.0
2026-04-08,SD@PIT,PIT,False,50.4,6.5,92,-5.7,29,1003.5,66.0,-8.68,-15.65,-34.0,1,18,0.05555555555555555
2026-04-08,KC@CLE,CLE,False,52.1,7.4,159,6.9,27,1004.5,96.0,7.12,15.6,-4.0,1,18,0.05555555555555555
2026-04-08,MIL@BOS,BOS,False,39.9,7.4,83,-5.8,43,1036.1,87.0,-13.0,-27.49,-13.0,0,9,0.0
2026-04-08,BAL@CWS,CWS,False,,,,0.0,,,96.0,0.0,0.0,-4.0,0,17,0.0
2026-04-08,SEA@TEX,TEX,False,,,,0.0,,,91.0,0.0,0.0,-9.0,0,18,0.0
2026-04-08,LAD@TOR,TOR,True,,,,0.0,,,109.0,0.0,0.0,9.0,0,18,0.0
2026-04-08,HOU@COL,COL,False,72.6,11.5,327,-9.6,15,841.0,115.0,-11.34,47.81,15.0,1,18,0.05555555555555555
2026-04-08,PHI@SF,SF,False,66.7,4.9,270,4.9,68,1016.3,75.0,6.28,16.11,-25.0,1,18,0.05555555555555555
2026-04-08,STL@WSH,WSH,False,54.1,6.3,96,-2.6,20,1032.7,91.0,-3.48,-11.52,-9.0,1,18,0.05555555555555555
2026-04-08,ATL@LAA,LAA,False,77.0,7.0,239,6.8,55,1008.2,111.0,9.66,28.75,11.0,2,18,0.1111111111111111
2026-04-08,AZ@NYM,NYM,False,49.0,4.8,146,2.1,29,1034.6,105.0,0.12,-3.42,5.0,0,18,0.0
2026-04-08,CHC@TB,TB,True,71.0,14.2,37,0.0,80,1016.5,95.0,0.0,0.0,-5.0,1,22,0.045454545454545456
2026-04-08,CIN@MIA,MIA,False,75.5,5.8,106,-5.6,76,1015.0,91.0,-4.87,4.39,-9.0,3,18,0.16666666666666666
2026-04-08,ATH@NYY,NYY,False,40.7,9.6,149,-2.6,48,1036.0,117.0,-8.84,-19.5,17.0,0,18,0.0
2026-04-08,DET@MIN,MIN,False,50.8,11.1,280,10.9,42,981.6,100.0,11.4,30.58,0.0,0,22,0.0
2026-04-09,CIN@MIA,MIA,False,73.8,10.2,40,0.0,86,1017.9,91.0,1.84,-15.76,-9.0,1,18,0.05555555555555555
2026-04-09,ATH@NYY,NYY,False,50.1,9.8,156,-1.5,57,1034.8,117.0,-3.76,-12.21,17.0,0,18,0.0
2026-04-09,DET@MIN,MIN,False,44.0,6.2,296,5.6,53,989.9,100.0,2.32,12.25,0.0,1,18,0.05555555555555555
2026-04-09,AZ@NYM,NYM,False,44.0,8.7,140,3.0,68,1030.7,105.0,-0.4,-1.66,5.0,1,18,0.05555555555555555
2026-04-09,CWS@KC,KC,False,77.7,13.8,203,12.8,36,985.6,90.0,17.07,48.86,-10.0,0,18,0.0
2026-04-09,COL@SD,SD,False,,,,0.0,,,100.0,0.0,0.0,0.0,2,18,0.1111111111111111
2026-04-10,PIT@CHC,CHC,False,48.8,7.5,348,-5.6,86,1002.4,95.0,-7.9,-14.58,-5.0,1,18,0.05555555555555555
2026-04-10,AZ@PHI,PHI,False,69.7,9.2,186,9.1,39,1021.1,115.0,10.92,25.93,15.0,1,18,0.05555555555555555
2026-04-10,MIA@DET,DET,False,49.5,6.5,326,6.5,81,1002.2,102.0,6.65,14.48,2.0,1,18,0.05555555555555555
2026-04-10,LAA@CIN,CIN,False,72.7,10.8,257,7.9,47,1002.8,116.0,9.69,20.92,16.0,4,18,0.2222222222222222
2026-04-10,MIN@TOR,TOR,True,43.4,1.9,291,0.0,93,1011.5,109.0,0.0,0.0,9.0,4,18,0.2222222222222222
2026-04-10,ATH@NYM,NYM,False,48.0,12.0,158,7.4,71,1020.9,105.0,6.63,13.19,5.0,0,18,0.0
2026-04-10,NYY@TB,TB,True,79.1,8.9,53,0.0,44,1018.9,95.0,0.0,0.0,-5.0,1,18,0.05555555555555555
2026-04-10,SF@BAL,BAL,False,64.1,5.5,145,2.3,55,1019.5,110.0,2.76,7.09,10.0,3,18,0.16666666666666666
2026-04-10,CLE@ATL,ATL,False,75.4,4.0,286,3.5,24,987.2,95.0,5.22,17.65,-5.0,4,18,0.2222222222222222
2026-04-10,CWS@KC,KC,False,53.1,8.3,54,-8.2,93,993.0,90.0,-8.95,-16.04,-10.0,1,18,0.05555555555555555
2026-04-10,WSH@MIL,MIL,False,41.4,5.6,85,0.0,81,1003.5,104.0,-4.39,-15.6,4.0,1,18,0.05555555555555555
2026-04-10,BOS@STL,STL,False,63.6,9.4,359,-4.6,64,1007.7,78.0,-5.32,-7.61,-22.0,0,18,0.0
2026-04-10,COL@SD,SD,False,,,,0.0,,,100.0,0.0,0.0,0.0,2,18,0.1111111111111111
2026-04-10,HOU@SEA,SEA,False,62.8,1.7,50,0.0,64,1004.8,94.0,0.2,1.24,-6.0,2,18,0.1111111111111111
2026-04-10,TEX@LAD,LAD,False,61.2,8.6,260,5.5,85,994.2,137.0,7.85,17.8,37.0,5,18,0.2777777777777778
2026-04-11,AZ@PHI,PHI,False,62.9,12.2,319,-6.8,41,1024.9,115.0,-8.16,-22.16,15.0,3,18,0.16666666666666666
2026-04-11,MIA@DET,DET,False,49.7,6.1,82,-2.3,49,1010.2,102.0,-4.88,-8.6,2.0,1,18,0.05555555555555555
2026-04-11,PIT@CHC,CHC,False,47.8,7.2,88,-3.8,79,1006.7,95.0,-6.49,-12.03,-5.0,0,18,0.0
2026-04-11,MIN@TOR,TOR,True,52.1,1.5,243,0.0,46,1019.8,109.0,0.0,0.0,9.0,4,18,0.2222222222222222
2026-04-11,LAA@CIN,CIN,False,66.4,4.4,75,-3.1,44,1007.8,116.0,-3.72,1.55,16.0,1,18,0.05555555555555555
2026-04-11,ATH@NYM,NYM,False,63.8,13.7,308,-1.9,29,1022.4,105.0,-2.28,-6.74,5.0,5,18,0.2777777777777778
2026-04-11,CWS@KC,KC,False,74.3,8.9,155,3.0,68,987.7,90.0,4.69,24.06,-10.0,1,18,0.05555555555555555
2026-04-11,NYY@TB,TB,True,80.3,9.1,62,0.0,30,1018.8,95.0,0.0,0.0,-5.0,1,18,0.05555555555555555
2026-04-11,WSH@MIL,MIL,False,47.3,7.8,129,0.0,63,1001.3,104.0,-2.93,-4.0,4.0,1,18,0.05555555555555555
2026-04-11,SF@BAL,BAL,False,67.0,5.6,337,-3.4,25,1023.2,110.0,-4.08,-5.72,10.0,2,18,0.1111111111111111
2026-04-11,BOS@STL,STL,False,70.9,8.1,166,2.2,67,1004.9,78.0,2.99,16.73,-22.0,1,18,0.05555555555555555
2026-04-11,CLE@ATL,ATL,False,,,,0.0,,,95.0,0.0,0.0,-5.0,1,18,0.05555555555555555
2026-04-11,COL@SD,SD,False,,,,0.0,,,100.0,0.0,0.0,0.0,4,18,0.2222222222222222
2026-04-11,TEX@LAD,LAD,False,,,,0.0,,,137.0,0.0,0.0,37.0,3,18,0.16666666666666666
2026-04-11,HOU@SEA,SEA,False,,,,0.0,,,94.0,0.0,0.0,-6.0,3,18,0.16666666666666666
2026-04-12,SF@BAL,BAL,False,65.0,12.5,121,0.2,53,1028.9,110.0,0.24,-0.45,10.0,2,18,0.1111111111111111
2026-04-12,AZ@PHI,PHI,False,62.1,6.7,154,5.1,39,1031.3,115.0,6.12,12.11,15.0,1,18,0.05555555555555555
2026-04-12,MIN@TOR,TOR,True,40.0,11.2,59,0.0,89,1013.1,109.0,0.0,0.0,9.0,2,18,0.1111111111111111
2026-04-12,LAA@CIN,CIN,False,80.2,11.9,220,2.1,44,1003.1,116.0,4.98,39.55,16.0,2,18,0.1111111111111111
2026-04-12,ATH@NYM,NYM,False,55.4,11.2,157,6.7,42,1031.9,105.0,8.04,12.27,5.0,1,18,0.05555555555555555
2026-04-12,MIA@DET,DET,False,58.6,10.5,191,-7.9,63,996.9,102.0,-9.33,-13.86,2.0,4,18,0.2222222222222222
2026-04-12,NYY@TB,TB,True,79.7,10.4,83,0.0,58,1023.5,95.0,0.0,0.0,-5.0,1,18,0.05555555555555555
2026-04-12,CWS@KC,KC,False,64.4,11.3,189,9.1,91,979.4,90.0,12.47,35.53,-10.0,2,18,0.1111111111111111
2026-04-12,WSH@MIL,MIL,False,70.9,12.8,207,-4.0,66,987.2,104.0,-4.5,43.79,4.0,3,18,0.16666666666666666
2026-04-12,BOS@STL,STL,False,79.2,18.7,192,12.5,45,999.1,78.0,17.16,48.18,-22.0,3,18,0.16666666666666666
2026-04-12,PIT@CHC,CHC,False,77.9,17.7,214,17.7,49,991.3,95.0,23.01,59.32,-5.0,4,18,0.2222222222222222
2026-04-12,COL@SD,SD,False,,,,0.0,,,100.0,0.0,0.0,0.0,3,18,0.16666666666666666
2026-04-12,HOU@SEA,SEA,False,54.2,6.1,306,0.0,82,1005.3,94.0,0.78,6.66,-6.0,1,18,0.05555555555555555
2026-04-12,TEX@LAD,LAD,False,62.7,7.9,238,7.0,67,996.6,137.0,8.75,22.24,37.0,2,18,0.1111111111111111
2026-04-12,CLE@ATL,ATL,False,80.7,10.4,166,-8.9,21,987.1,95.0,-8.07,38.36,-5.0,2,18,0.1111111111111111
2026-04-13,HOU@SEA,SEA,False,52.8,7.5,217,0.0,73,1016.9,94.0,-0.23,13.49,-6.0,1,18,0.05555555555555555
2026-04-13,AZ@BAL,BAL,False,81.8,10.7,216,10.6,38,1014.9,110.0,15.66,37.77,10.0,4,18,0.2222222222222222
2026-04-13,WSH@PIT,PIT,False,80.1,15.7,221,3.0,51,989.1,66.0,6.03,29.68,-34.0,4,18,0.2222222222222222
2026-04-13,CHC@PHI,PHI,False,79.9,15.4,216,14.4,42,1014.4,115.0,19.65,41.23,15.0,2,18,0.1111111111111111
2026-04-13,LAA@NYY,NYY,False,78.0,12.4,222,10.4,43,1011.9,117.0,14.28,35.98,17.0,3,18,0.16666666666666666
2026-04-13,MIA@ATL,ATL,False,79.6,6.0,207,-1.9,26,985.0,95.0,-0.0,33.6,-5.0,2,18,0.1111111111111111
2026-04-13,BOS@MIN,MIN,False,62.8,10.0,16,-2.8,84,974.8,100.0,-2.16,7.42,0.0,5,18,0.2777777777777778
2026-04-13,CLE@STL,STL,False,82.3,15.6,196,11.2,51,995.8,78.0,16.53,47.57,-22.0,3,18,0.16666666666666666
2026-04-13,TEX@ATH,ATH,False,,,,0.0,,,100.0,0.0,0.0,0.0,2,18,0.1111111111111111
2026-04-13,NYM@LAD,LAD,False,58.4,11.9,266,6.7,61,997.5,137.0,8.09,16.22,37.0,1,18,0.05555555555555555
2026-04-14,AZ@BAL,BAL,False,87.7,10.1,208,10.1,34,1011.2,110.0,16.83,40.63,10.0,2,18,0.1111111111111111
2026-04-14,KC@DET,DET,False,78.4,8.2,206,-4.6,50,989.1,102.0,-3.6,7.38,2.0,0,18,0.0
2026-04-14,WSH@PIT,PIT,False,69.4,4.6,259,3.5,86,986.1,66.0,5.5,23.63,-34.0,3,18,0.16666666666666666
2026-04-14,SF@CIN,CIN,False,82.8,15.0,215,1.3,51,994.3,116.0,4.8,51.84,16.0,3,18,0.16666666666666666
2026-04-14,CHC@PHI,PHI,False,85.7,12.7,212,12.1,36,1011.1,115.0,18.63,41.23,15.0,2,18,0.1111111111111111
2026-04-14,LAA@NYY,NYY,False,83.3,13.6,225,11.8,38,1009.1,117.0,17.55,42.9,17.0,5,18,0.2777777777777778
2026-04-14,MIA@ATL,ATL,False,81.9,7.0,222,-0.4,24,982.4,95.0,2.49,37.33,-5.0,0,18,0.0
2026-04-14,BOS@MIN,MIN,False,61.9,3.9,347,0.9,65,976.5,100.0,1.33,14.64,0.0,2,18,0.1111111111111111
2026-04-14,TB@CWS,CWS,False,80.0,16.7,210,-4.3,56,986.6,96.0,-2.76,59.88,-4.0,2,9,0.2222222222222222
2026-04-14,TOR@MIL,MIL,False,75.9,2.6,200,-1.1,69,982.1,104.0,0.3,25.16,4.0,4,18,0.2222222222222222
2026-04-14,CLE@STL,STL,False,85.8,15.1,195,10.7,48,992.2,78.0,16.98,49.4,-22.0,4,18,0.2222222222222222
2026-04-14,COL@HOU,HOU,False,75.0,10.9,148,10.4,79,1013.3,112.0,14.33,35.08,12.0,3,18,0.16666666666666666
2026-04-14,SEA@SD,SD,False,,,,0.0,,,100.0,0.0,0.0,0.0,0,18,0.0
2026-04-14,TEX@ATH,ATH,False,,,,0.0,,,100.0,0.0,0.0,0.0,0,18,0.0
2026-04-14,NYM@LAD,LAD,False,61.8,7.4,254,5.3,63,996.5,137.0,6.51,17.22,37.0,1,18,0.05555555555555555
2026-04-15,AZ@BAL,BAL,False,86.4,8.2,248,6.5,46,1013.0,110.0,12.12,31.72,10.0,2,18,0.1111111111111111
2026-04-15,CLE@STL,STL,False,70.4,9.0,199,6.8,90,995.7,78.0,9.66,30.06,-22.0,0,18,0.0
2026-04-15,BOS@MIN,MIN,False,59.2,1.9,45,-1.3,70,977.9,100.0,-1.06,7.47,0.0,3,18,0.16666666666666666
2026-04-15,KC@DET,DET,False,69.2,8.9,212,-4.2,86,988.1,102.0,-3.74,4.13,2.0,0,18,0.0
2026-04-15,WSH@PIT,PIT,False,84.4,11.9,226,3.3,44,984.8,66.0,7.68,33.25,-34.0,0,18,0.0
2026-04-15,SF@CIN,CIN,False,83.4,12.9,220,2.2,49,994.2,116.0,6.06,46.39,16.0,3,18,0.16666666666666666
2026-04-15,CHC@PHI,PHI,False,87.7,9.7,214,9.2,39,1011.1,115.0,15.75,36.06,15.0,4,18,0.2222222222222222
2026-04-15,LAA@NYY,NYY,False,86.7,9.3,222,7.8,38,1010.0,117.0,13.77,35.16,17.0,4,18,0.2222222222222222
2026-04-15,MIA@ATL,ATL,False,82.6,5.9,205,-2.0,33,980.2,95.0,0.78,36.95,-5.0,4,18,0.2222222222222222
2026-04-15,TB@CWS,CWS,False,70.8,9.0,193,-4.8,78,988.1,96.0,-4.86,34.7,-4.0,2,18,0.1111111111111111
2026-04-15,TOR@MIL,MIL,False,67.3,2.9,238,0.7,85,986.3,104.0,2.09,20.12,4.0,0,18,0.0
2026-04-15,COL@HOU,HOU,False,75.1,8.3,161,8.3,72,1012.4,112.0,11.49,30.07,12.0,1,18,0.05555555555555555
2026-04-15,SEA@SD,SD,False,,,,0.0,,,100.0,0.0,0.0,0.0,2,18,0.1111111111111111
2026-04-15,TEX@ATH,ATH,False,,,,0.0,,,100.0,0.0,0.0,0.0,3,18,0.16666666666666666
2026-04-15,NYM@LAD,LAD,False,,,,0.0,,,137.0,0.0,0.0,37.0,4,18,0.2222222222222222
2026-04-16,WSH@PIT,PIT,False,80.3,14.3,230,4.9,47,985.2,66.0,8.37,34.92,-34.0,1,18,0.05555555555555555
2026-04-16,SF@CIN,CIN,False,76.1,12.3,201,-1.9,56,993.1,116.0,-1.05,44.66,16.0,0,18,0.0
2026-04-16,KC@DET,DET,False,64.5,6.5,224,-1.8,91,988.3,102.0,-0.61,7.0,2.0,3,18,0.16666666666666666
2026-04-16,LAA@NYY,NYY,False,87.3,9.9,172,1.2,44,1010.2,117.0,6.03,20.06,17.0,6,18,0.3333333333333333
2026-04-16,TOR@MIL,MIL,False,58.5,8.1,48,0.0,99,985.7,104.0,1.95,-10.66,4.0,0,18,0.0
2026-04-16,TB@CWS,CWS,False,67.9,15.1,243,4.7,77,988.0,96.0,6.49,44.8,-4.0,3,18,0.16666666666666666
2026-04-16,TEX@ATH,ATH,False,,,,0.0,,,100.0,0.0,0.0,0.0,1,18,0.05555555555555555
2026-04-16,BAL@CLE,CLE,False,66.2,3.0,207,2.7,82,985.7,96.0,4.34,19.19,-4.0,1,18,0.05555555555555555
2026-04-16,COL@HOU,HOU,False,75.7,11.1,166,11.1,72,1012.3,112.0,15.03,37.16,12.0,1,18,0.05555555555555555
2026-04-16,SEA@SD,SD,False,,,,0.0,,,100.0,0.0,0.0,0.0,0,18,0.0
2026-04-17,NYM@CHC,CHC,False,73.5,9.6,155,5.5,73,989.3,95.0,7.7,29.11,-5.0,3,18,0.16666666666666666
2026-04-17,BAL@CLE,CLE,False,67.4,5.5,27,-4.9,56,989.3,96.0,-5.88,0.21,-4.0,2,18,0.1111111111111111
2026-04-17,ATL@PHI,PHI,False,79.4,10.2,324,-6.4,42,1010.9,115.0,-5.46,-7.37,15.0,3,18,0.16666666666666666
2026-04-17,SF@WSH,WSH,False,79.8,8.3,322,-3.1,39,1012.3,91.0,-1.38,3.03,-9.0,5,18,0.2777777777777778
2026-04-17,TB@PIT,PIT,False,77.0,1.3,90,-1.1,38,987.6,66.0,0.18,14.66,-34.0,1,18,0.05555555555555555
2026-04-17,KC@NYY,NYY,False,75.9,8.5,357,-1.8,47,1011.2,117.0,-0.99,6.16,17.0,2,18,0.1111111111111111
2026-04-17,MIL@MIA,MIA,False,78.5,9.7,56,-4.3,74,1016.2,91.0,-2.51,-10.79,-9.0,0,9,0.0
2026-04-17,DET@BOS,BOS,False,53.2,2.3,101,-1.3,87,1013.3,87.0,-0.93,-4.75,-13.0,0,18,0.0
2026-04-17,STL@HOU,HOU,False,74.4,10.1,162,10.1,79,1010.2,112.0,13.79,34.77,12.0,3,9,0.3333333333333333
2026-04-17,CIN@MIN,MIN,False,42.1,11.7,325,6.7,79,974.6,100.0,3.83,18.13,0.0,0,18,0.0
2026-04-17,LAD@COL,COL,False,34.6,3.2,141,2.5,82,842.5,115.0,-4.06,47.42,15.0,1,18,0.05555555555555555
2026-04-17,SD@LAA,LAA,False,72.9,8.1,264,6.3,49,1007.2,111.0,7.83,27.45,11.0,2,18,0.1111111111111111
2026-04-17,TEX@SEA,SEA,False,53.1,5.9,351,0.0,61,1021.1,94.0,-0.71,-8.96,-6.0,1,18,0.05555555555555555
2026-04-17,TOR@AZ,AZ,False,82.2,4.6,259,3.8,14,970.2,92.0,7.62,31.11,-8.0,1,18,0.05555555555555555
2026-04-17,CWS@ATH,ATH,False,,,,0.0,,,100.0,0.0,0.0,0.0,1,18,0.05555555555555555
2026-04-18,KC@NYY,NYY,False,61.8,9.4,52,-8.7,73,1017.2,117.0,-9.79,-18.93,17.0,4,18,0.2222222222222222
2026-04-18,CIN@MIN,MIN,False,40.7,15.5,281,15.2,44,984.7,100.0,12.52,34.75,0.0,0,18,0.0
2026-04-18,NYM@CHC,CHC,False,47.8,14.1,265,8.1,67,990.1,95.0,7.19,20.3,-5.0,2,18,0.1111111111111111
2026-04-18,TB@PIT,PIT,False,83.1,15.6,204,-1.6,42,980.4,66.0,1.41,22.92,-34.0,3,18,0.16666666666666666
2026-04-18,SF@WSH,WSH,False,78.4,12.0,99,-4.3,58,1011.0,91.0,-3.24,4.36,-9.0,2,18,0.1111111111111111
2026-04-18,CWS@ATH,ATH,False,,,,0.0,,,100.0,0.0,0.0,0.0,5,17,0.29411764705882354
2026-04-18,DET@BOS,BOS,False,48.4,10.0,56,-9.8,89,1017.8,87.0,-12.95,-28.55,-13.0,1,18,0.05555555555555555
2026-04-18,MIL@MIA,MIA,False,83.6,8.6,99,0.0,69,1014.7,91.0,3.93,4.22,-9.0,1,18,0.05555555555555555
2026-04-18,BAL@CLE,CLE,False,50.6,15.0,269,0.3,90,985.0,96.0,0.1,4.78,-4.0,4,18,0.2222222222222222
2026-04-18,STL@HOU,HOU,False,68.6,13.6,343,-13.6,86,1013.6,112.0,-15.02,-25.72,12.0,4,18,0.2222222222222222
2026-04-18,TEX@SEA,SEA,False,62.9,4.2,295,0.0,33,1013.0,94.0,0.0,8.3,-6.0,2,18,0.1111111111111111
2026-04-18,ATL@PHI,PHI,False,,,,0.0,,,115.0,0.0,0.0,15.0,1,18,0.05555555555555555
2026-04-18,LAD@COL,COL,False,,,,0.0,,,115.0,0.0,0.0,15.0,2,18,0.1111111111111111
2026-04-18,TOR@AZ,AZ,False,,,,0.0,,,92.0,0.0,0.0,-8.0,1,18,0.05555555555555555
2026-04-18,SD@LAA,LAA,False,,,,0.0,,,111.0,0.0,0.0,11.0,0,18,0.0
2026-04-19,SF@WSH,WSH,False,50.8,8.0,308,-1.1,87,1014.8,91.0,-1.65,-7.57,-9.0,1,18,0.05555555555555555
2026-04-19,TB@PIT,PIT,False,50.1,15.0,279,14.0,45,991.1,66.0,14.84,36.06,-34.0,2,18,0.1111111111111111
2026-04-19,KC@NYY,NYY,False,49.0,13.6,308,8.2,75,1010.3,117.0,8.19,16.23,17.0,3,18,0.16666666666666666
2026-04-19,BAL@CLE,CLE,False,47.8,14.8,274,-1.0,43,994.8,96.0,-4.08,-2.86,-4.0,2,18,0.1111111111111111
2026-04-19,MIL@MIA,MIA,False,84.6,7.4,159,0.0,67,1016.4,91.0,4.13,23.35,-9.0,0,18,0.0
2026-04-19,STL@HOU,HOU,False,64.1,11.6,65,0.0,53,1023.4,112.0,0.0,-3.83,12.0,1,18,0.05555555555555555
2026-04-19,CIN@MIN,MIN,False,43.7,11.2,307,8.9,37,994.4,100.0,6.16,18.87,0.0,0,18,0.0
2026-04-19,NYM@CHC,CHC,False,47.0,13.7,289,2.6,55,998.8,95.0,-0.08,4.55,-5.0,1,18,0.05555555555555555
2026-04-19,LAD@COL,COL,False,70.5,3.2,82,-0.4,5,846.8,115.0,-0.48,64.62,15.0,2,18,0.1111111111111111
2026-04-19,CWS@ATH,ATH,False,,,,0.0,,,100.0,0.0,0.0,0.0,5,18,0.2777777777777778
2026-04-19,SD@LAA,LAA,False,80.1,5.1,225,5.1,28,1007.4,111.0,8.55,24.86,11.0,0,18,0.0
2026-04-19,TEX@SEA,SEA,False,68.4,5.9,11,-4.9,56,1009.2,94.0,-5.88,-2.24,-6.0,3,18,0.16666666666666666
2026-04-19,TOR@AZ,AZ,False,,,,0.0,,,92.0,0.0,0.0,-8.0,1,18,0.05555555555555555
2026-04-19,DET@BOS,BOS,False,,,,0.0,,,87.0,0.0,0.0,-13.0,3,18,0.16666666666666666
2026-04-19,ATL@PHI,PHI,False,,,,0.0,,,115.0,0.0,0.0,15.0,2,18,0.1111111111111111
2026-04-20,DET@BOS,BOS,False,47.6,10.1,269,7.3,50,1019.3,87.0,5.8,10.98,-13.0,0,18,0.0
2026-04-20,HOU@CLE,CLE,False,39.2,4.7,329,-4.0,51,1003.2,96.0,-11.12,-16.21,-4.0,2,18,0.1111111111111111
2026-04-20,CIN@TB,TB,True,82.0,13.0,51,0.0,47,1016.5,95.0,0.0,0.0,-5.0,1,18,0.05555555555555555
2026-04-20,STL@MIA,MIA,False,75.7,4.7,19,0.9,80,1016.9,91.0,3.19,-0.71,-9.0,1,18,0.05555555555555555
2026-04-20,ATL@WSH,WSH,False,54.7,13.6,306,-1.4,23,1023.4,91.0,-1.8,-10.35,-9.0,2,18,0.1111111111111111
2026-04-20,BAL@KC,KC,False,73.1,14.3,203,13.3,31,986.3,90.0,16.29,46.9,-10.0,2,18,0.1111111111111111
2026-04-20,PHI@CHC,CHC,False,48.7,11.5,126,1.2,54,1000.3,95.0,-1.08,1.67,-5.0,1,18,0.05555555555555555
2026-04-20,LAD@COL,COL,False,77.6,6.8,73,-2.0,6,841.3,115.0,-0.72,69.49,15.0,3,18,0.16666666666666666
2026-04-20,TOR@LAA,LAA,False,68.7,8.3,239,8.1,47,1009.1,111.0,9.72,26.7,11.0,1,18,0.05555555555555555
2026-04-20,ATH@SEA,SEA,False,65.3,1.0,207,1.0,63,1007.3,94.0,1.35,7.92,-6.0,5,18,0.2777777777777778
